Game.Game( );0;1;4
Game.Game( String [ ] map );0;1;5
Game.addGuestFromCode( char code , int x , int y );7;9;31
Game.applyMove( Move move );4;3;18
Game.boardHeight( );0;1;3
Game.boardWidth( );0;1;3
Game.consistent( );4;3;4
Game.createFood( );1;1;5
Game.createMonster( );0;1;5
Game.createPlayer( );1;1;5
Game.gameOver( );1;2;4
Game.getBoard( );0;1;3
Game.getGuestCode( int x , int y );0;1;3
Game.getMonsters( );1;1;7
Game.getPlayer( );0;1;3
Game.getPlayerLastDx( );0;1;3
Game.getPlayerLastDy( );0;1;3
Game.initialize( );0;1;9
Game.initialized( );7;4;4
Game.invariant( );1;2;3
Game.loadWorld( String [ ] map );9;3;18
Game.moveMonster( Monster monster , int dx , int dy );1;1;9
Game.movePlayer( int dx , int dy );1;1;11
Game.nextSegMoveStack( );1;1;4
Game.playerDied( );1;1;4
Game.playerWon( );1;1;4
Game.popMoveStack( );4;3;9
Game.pushMoveStack( Move move );3;2;5
Game.undo( );0;4;12
